cntntsSn,disease
5423,감기
6543,객혈
1344,건선
6561,결핵
5463,골절
5841,구취
5493,기흉
1743,낙상
5226,노안
6670,동상
5830,두통
5705,목쉼
6702,발치
5827,변비
1081,복통
6544,부종
6694,비만
1104,빈혈
6772,사시
1667,설사
6444,수혈
5694,습진
5853,실신
5679,열상
5441,염좌
3796,요통
6587,욕창
5293,운동
6777,위염
5297,음주
5706,이명
5430,입덧
6583,조산
5960,질염
6784,천식
6288,충치
5818,치핵
6551,탈수
6732,통풍
6538,피임
6584,화상
5462,황달
5337,흉통
6764,흡연
1241,간농양
2367,건막염
5304,고혈당
6765,고혈압
5290,골수염
6786,구개열
5485,구내염
6690,녹내장
2087,농가진
5961,뇌전증
5495,뇌졸중
5860,다한증
5821,담관염
5820,담낭염
6735,담석증
5305,당뇨병
6252,딸꾹질
6303,라임병
6696,말더듬
5357,모소낭
6685,무월경
6304,미숙아
5968,방광염
6689,백내장
6699,백반증
5688,백선증
6676,백일해
6749,변실금
1102,부정맥
5285,불명열
5429,불임증
6278,뼈스캔
5714,사랑니
6537,사마귀
5698,생리통
6259,성폭력
5317,성홍열
6545,손씻기
5239,식중독
5859,실어증
2967,심낭염
3828,심부전
6307,심잡음
1141,액취증
6313,야토병
6550,어지럼
3947,여드름
6762,영양제
5822,요실금
5347,요충증
6788,우울감
2247,위용종
5811,유루증
5683,유방통
6302,유비저
5680,유선염
6315,이갈이
6154,입냄새
5341,장결핵
5224,저시력
5415,저신장
5259,저혈압
5480,조루증
3568,중이염
5852,직장염
5248,췌장염
5362,코골이
6776,파상풍
6755,패혈증
6314,페스트
5707,편도염
6557,편두통
5350,편충증
6687,폐경기
3167,폐부종
5529,포충증
6246,폴리오
6475,항생제
6317,혈관종
6566,협심증
5338,회충증
5695,가려움증
6456,각막이식
6560,간경변증
1281,간접흡연
6294,간흡충증
1322,갑상선염
6752,건강노화
1738,골감소증
1988,골관절염
5833,골다공증
6300,골수검사
6542,근관치료
5963,뇌동맥류
6569,뇌성마비
5284,뇌수막염
6579,다태임신
1746,대동맥류
6531,대장용종
5220,덧눈꺼풀
6,두근거림
6581,두드러기
5703,만성비염
5245,말라리아
6319,망막박리
5824,발기부전
6707,복막투석
5445,복수검사
5543,부위마취
6572,불소도포
5528,사상충증
5525,샤가스병
1729,성대결절
1807,성조숙증
6293,세포검사
5807,소변검사
5729,소아발진
6263,소화불량
5838,수질오염
6769,시신경염
6693,식이영양
5433,신장결석
6533,아동학대
5527,악구충증
5857,안면홍조
5806,알레르기
4027,언어장애
1201,얼굴마비
5311,연성하감
1587,외이도염
6674,요로감염
6700,원형탈모
5258,위내시경
5685,유두분비
5686,유방종괴
6757,음낭수종
6267,응고검사
5500,일광화상
6247,일본뇌염
6190,자궁근종
6686,자연유산
5364,잠복고환
5343,장흡충증
3690,저체온증
6565,전신마취
6454,정관수술
5701,질분비물
6705,치석제거
3749,켈로이드
5809,파킨슨병
5339,폐흡충증
6468,포경수술
6773,포도막염
6465,혈액투석
5447,혈청검사
6703,홈메우기
5269,황반변성
5492,흉수검사
5444,간기능검사
6437,간이식수술
1301,갈색세포종
6277,갑상선스캔
6555,강직척추염
5242,고칼슘혈증
5704,구강건조증
1741,급성고환염
6472,기관절개술
6754,남성갱년기
5489,노인성난청
6535,다운증후군
6781,대사증후군
3447,대장게실증
5291,디프테리아
5457,만성콩팥병
5964,메니에르병
1750,발진티푸스
6564,방사선치료
5257,부신부전증
1101,비부비동염
6541,사구체질환
5826,섬유근육통
6736,세기관지염
2552,식도정맥류
3827,심전도검사
6226,심폐소생술
6306,안구건조증
3012,여성형유방
6575,완전도재관
6228,요로전환술
5726,인두편도염
5232,인플루엔자
6691,임신당뇨병
6283,자궁내막증
6386,자궁샘근증
5479,정계정맥류
6244,제왕절개술
5975,족저근막염
3512,좌골신경통
5524,주혈흡충증
6774,죽상경화증
5684,직장탈출증
5720,창자겹침증
5446,총혈구검사
6455,치과진정법
6458,콘택트렌즈
5844,파라티푸스
6258,폐기능검사
5687,하지정맥류
6558,항응고요법
6559,혈관조영술
5236,감염단핵구증
5237,감염심내막염
6548,건강기능식품
6457,근시교정수술
2055,급성부고환염
6554,기관지확장증
6480,기저귀피부염
6726,노인기능평가
5221,당뇨망막병증
5281,레지오넬라증
6675,렙토스피라증
3547,만성기관지염
5513,면역병리검사
1041,병리조직검사
5514,분자병리검사
6678,성매개감염병
6308,수면무호흡증
3432,심초음파검사
6684,아나필락시스
6582,아토피피부염
6266,웨스트나일열
5270,유행각결막염
6715,이상지질혈증
5711,자가치아이식
6534,자연분만과정
3193,전립선비대증
5413,조기난소부전
5261,쯔쯔가무시증
6577,치아맹출장애
5540,퇴행슬관절염
5432,특수병리검사
5302,고혈압심장질환
5250,과민성장증후군
5526,광동주혈선충증
5254,대장내시경검사
6556,류마티스관절염
5521,리슈만편모충증
6549,만성피로증후군
5222,미숙아망막병증
5522,바베스열원충증
5842,보툴리눔독소증
1061,복부초음파검사
5535,심방중격결손증
3430,심실중격결손증
6713,심장박동조율기
5523,아프리카수면병
5266,알레르기결막염
2057,위식도역류질환
5689,자극접촉피부염
6442,조혈모세포이식
6250,태변흡입증후군
6688,호르몬대체요법
5810,갑상선기능저하증
1831,갑상선기능항진증
6783,경동맥화학색전술
6443,경정맥신우조영술
6681,다제내성균감염증
6536,만성폐쇄성폐질환
6248,바이러스성출혈열
6728,사전연명의료결정
6701,선천갑상샘저하증
5467,영아돌연사증후군
5803,급성호흡곤란증후군
6673,대사이상지방간질환
6486,소아청소년기고혈압
6723,인지기능저하예방법
6759,사람면역결핍바이러스
5460,양전자방출단층촬영술
6775,폐색성죽상동맥경화증
5420,해외유입기생충감염증
6680,급성호흡기바이러스감염증
6751,장기요양등급결정과 이용
6570,다중이용시설에서의 건강문제(실내공기오염)
5498,뇌하수체기능저하증(소아)
3134,항문직장농양과 치루
5264,눈꺼풀속말림과 겉말림
5843,엔테로바이러스 감염증
3135,항문직장농양과 치루(항문직장농양)
3136,항문직장농양과 치루(치루)
5279,신증후군출혈열(한타바이러스감염증)
5286,헤르페스감염증(단순포진)
6282,기관지내시경 검사
6714,이상지질혈증 식사요법
3329,임신고혈압과 전자간증(임신중독증)
5416,정상청소년의 성장과 발달
5545,항암화학요법(항암제치료)
6301,정상임신관리(임신의 진단과 관리)
5470,이유기보충식(이유식)
3348,추간판탈출증(디스크)
5715,치과국소마취(치과 부분마취)
6388,정상임신관리(임신 전 관리)
1751,방광요관역류(소아)
6571,라미네이트 치료
6553,바이러스성 간염
5471,상부위장관 촬영
5779,연조직염과 종기
6708,위십이지장 궤양
3987,자궁경부암 백신
6725,정상노화의 이해
6483,정상소아의 성장
5473,하부위장관 촬영
6532,전자제품과 전자파
3388,당뇨환자의 식이요법
6471,당뇨환자의 약물요법
3390,당뇨환자의 운동요법
5696,상처관리와 흉터예방
5718,전신질환과 치주치료
5796,투석환자의 식이요법
5490,거부반응과 면역억제제
5533,감염질환의 혈청검사
5862,감마나이프 방사선 수술
6621,드림렌즈의 효과와 부작용
6261,치매환자의 가족을 위한 정보
5532,종양표지자 검사
3848,기후변화에 의한 폭염
6494,연조직염과 종기(연조직염)
6493,연조직염과 종기(종기)
6485,정상소아의 성장(발달)
6484,정상소아의 성장(성장)
5800,궤양대장염(궤양결장염)
6240,요로전환술(방광창냄술)
6243,요로전환술(콩팥창냄술)
6241,요로전환술(회장도관술)
6227,심폐소생술(이물질에 의한 기도폐쇄의 처치)
5845,눈꺼풀처짐(안검하수)
6242,요로전환술(정위성 인공방광 대치술)
6482,급성신손상(소아)
5969,"“무릎관절염, 올바르게 운동하기”"
5804,구역질과 구토
5691,굳은살과 티눈
1103,비뇨기계 외상
6706,중환자실 치료
6260,흉막염과 농흉
6697,고혈압성 콩팥병
5372,비브리오 패혈증
5265,다래끼와 콩다래끼
6692,당뇨병성 족부병증
2028,디젤엔진 배출물질
6567,호스피스 완화의료
6578,늘어지는 영아증후군
6613,불규칙한 월경주기와 월경전증후군
6620,청소년과 다이어트 보조제
1342,건강하게 탄수화물 먹는 방법! 알려드리겠습니다!
3607,처방전과 약설명서 읽는 방법! 알려드리겠습니다!
6720,내분비계 장애물질(환경 호르몬)
3467,대퇴골두 무혈성 괴사
6624,청소년의 디지털 과의존
5251,내시경적 역행성 담췌관조영술
5817,초음파를 이용한 세포조직검사
6622,청소년의 안전한 화장품 사용
6615,청소년의 카페인 음료 섭취
6586,성공적인 모유 수유
5335,건강하게 염분 섭취하는 방법! 알려드리겠습니다!
6623,청소년의 제로 음료 섭취
6763,영양표시 읽는 법! 알려드리겠습니다!
6295,각막혼탁 및 반흔
6257,해외여행 시 주의해야 할 감염병! 알려드리겠습니다!
6254,고혈압과 눈(고혈압망막병증)
6251,신체활동! 알려드리겠습니다!
5355,위험음주! 알려드리겠습니다!
1607,외이도염(알레르기외이도염)
6671,건강검진(국가건강검진)
6269,응고검사(출혈질환의 검사)
6268,응고검사(혈전질환의 검사)
3509,조갑감입(파고드는 발톱_감입발톱)
6768,수족구병(손발입병)
6481,얼굴떨림(얼굴연축)
5238,연조직염(봉와직염)
6704,치아외상(치아손상)
5494,"“흉곽기형(오목가슴, 함몰흉, 누두흉)”"
6275,얼굴떨림(얼굴연축_눈꺼풀연축)
6276,얼굴떨림(얼굴연축_반얼굴연축)
3790,얼굴마비(말초성 마비)
3789,얼굴마비(중추성 마비)
6711,소변이상(단백뇨)
5212,식이영양(영유아)
5214,식이영양(임산부)
6188,언어장애(아동 언어장애의 진단과 치료)
5710,레진치료(치아 레진치료)
1608,외이도염(악성 외이도염)
6189,언어장애(성인 언어 및 말장애의 진단과 치료)
6787,교통사고(일반)
1469,색각이상(색맹)
6710,소변이상(농뇨)
6721,소변이상(당뇨)
6712,소변이상(혈뇨)
5407,왜소음경(소아)
5408,요도하열(소아)
5217,"“굴절이상(근시, 원시, 난시)”"
5213,식이영양(소아/청소년)
5296,건강검진(암 검진)
6753,재택의료/방문진료
6510,가철성 보철
2387,갑상선 검사
6683,갑상선 결절
2067,남성형 탈모
6761,노인의 영양
5856,대동맥 박리
6316,독극물 섭취
5865,림프절 종대
6255,방광경 검사
5723,신생아 황달
5486,유소아 난청
2727,자궁외 임신
3727,전해질 검사
6782,전해질 이상
3338,턱관절 장애
6719,환경과 건강
6785,고위험 임산부
6580,동맥관 개존증
5310,알코올 간질환
5864,외상성 뇌손상
4047,척추관 협착증
6562,고관절 전치환술
6568,뇌사자 장기기증
2587,비정상 자궁출혈
6318,석면과 건강장해
6679,수두와 대상포진
6445,슬관절 전치환술
6619,액상형 전자담배
5850,외상성 척수손상
5849,외상성 척추손상
5482,황사와 미세먼지
6529,직업성 호흡기질환
6539,근전도 신경전도검사
6616,특발성 저신장에서 성장호르몬 효과와 주의사항
6547,건강한 체중조절을 위한 식사
5499,모호한 외부생식기 및 성 발달 이상
6526,직업성 호흡기질환(직업성 만성폐쇄성폐질환)
6525,직업성 호흡기질환(직업성 감염성폐질환)
6527,직업성 호흡기질환(직업성 천식)
6524,"“직업성 호흡기질환(직업성 폐암, 악성중피종)”"
6528,직업성 호흡기질환(진폐증)
2047,겨울철 대설대비 건강수칙
2049,겨울철 저체온증 예방요령
2048,겨울철 한파대비 건강수칙
6474,뇌졸중 환자의 재활
6748,반월상 연골판 손상
6309,스포츠 손상과 안전
2107,소아의 대소변 가리기
5999,고혈압 환자의 식이요법
5303,고혈압 환자의 운동요법
6290,폐기물 소각과 다이옥신
6563,발달성 고관절 이형성증 및 탈구
6451,턱교정 수술과 교정 치료
6311,스포츠 손상과 안전(견관절(어깨 관절) 손상)
6310,스포츠 손상과 안전(슬관절(무릎 관절) 손상)
6312,스포츠 손상과 안전(족관절(발목 관절) 손상)
2347,당뇨병 합병증(급성 합병증)
2351,당뇨병 합병증(만성 합병증)
2348,"“당뇨병 합병증(급성 합병증_당뇨병케토산증, 고혈당고삼투질상태)”"
2350,당뇨병 합병증(급성 합병증_저혈당)
5241,갑상선 양성 종양
5487,외상성 고막 천공
5518,융모막 융모 검사
2607,일과성 허혈 발작
3627,척추의 형태 이상
5971,다낭성 난소 증후군
2052,겨울철 대표 질환별 응급조치 요령
5516,초음파 태아 목덜미 투명대 측정
6249,신생아 대사 이상 검사
3628,척추의 형태 이상(척추측만증)
3629,척추의 형태 이상(척추후만증)
6291,구강병 예방 및 관리방법! 알려드리겠습니다!
2050,겨울철 동상 및 동창 예방요령
6807,전해질 이상(저칼륨혈증)
2388,갑상선 검사(혈액검사 및 요검사)
2393,갑상선 검사(갑상선 세포검사 및 조직검사)
2389,갑상선 검사(방사성 요오드 섭취율)
3728,전해질 검사(산염기 균형)
2390,갑상선 검사(초음파)
6391,아말감 및 인레이(치아색 인레이)
6389,아말감 및 인레이(아말감)
6470,아말감 및 인레이(금 인레이)
5709,시린이(치아지각과민)
2970,심낭염(심장눌림증)
1362,안외상(각막찰과상)
6490,건막염(류마치스 건막염)
5223,비문증(날파리증)
1404,안외상(각막이물)
1381,안외상(각막화상)
1382,안외상(안와골절)
1361,안외상(전방출혈)
5716,잇몸병(치주질환)
1402,안외상(외상성 망막박리)
1403,안외상(외상성 백내장 및 수정체 이탈)
6491,건막염(감염성 건막염)
6489,건막염(통풍성 건막염)
6492,건막염(특발성 건막염)
6760,공수병(광견병)
6487,손떨림(수전증)
5727,크루프(후두염)
5972,일자목(거북목)증후군
6292,수근굴(수근관) 증후군
1567,"“오십견(동결견, 유착관절낭염)”"
2969,심낭염(만성 심낭삼출)
2971,심낭염(교착 심낭염)
2968,심낭염(급성 심낭염)
1401,안외상(천공 외상)
6305,수두증(소아)
5719,야뇨증(소아)
5230,"“뎅기열,  치쿤구니야열”"
5681,경부 종괴
6716,공기 오염
2447,노인 변비
6262,노인 부종
6758,노인 운동
6298,담낭 용종
5722,대변 이상
5682,메켈 게실
1747,물에 빠짐
5848,바렛 식도
5858,복부 팽만
6767,성장 장애
4008,소아 비만
5472,소장 촬영
6717,식품 오염
6449,신장 이식
5517,양수 검사
6709,지질 검사
6546,체중 감소
5488,코뼈 골절
5782,급성 간부전
5318,급성 충수염
6698,노인 고혈압
5306,노인 당뇨병
5783,노인 요실금
6289,지루 피부염
1261,간의 양성종양
6695,노인 보행장애
5314,노인 삼킴장애
5428,노인 약물복용
6766,노인 어지럼증
5253,노인 호흡곤란
6576,치과 임플란트
6552,항문 가려움증
6770,급성 심근경색증
5334,사람 브루셀라증
6756,급성 바이러스 위장관염
5721,소아 청소년의 혈변 및 흑혈변
1265,간의 양성종양(국소결절증식증)
1266,간의 양성종양(담관낭선종)
1262,간의 양성종양(간혈관종)
1264,간의 양성종양(간낭종)
6496,간의 양성종양(간선종)
5280,급성 세균성 장염
5410,산전 기형아 검사
6618,정상 월경의 이해
6270,귀의 형태 이상
5697,난소 양성 종양
6744,무릎 관절 손상
6530,생활 속의 라돈
6264,생활 속의 소음
6771,심장 판막 질환
5854,심부 정맥 혈전증
6280,생활 속의 연소가스
6573,생활 속의 다중화학물질과민증
6574,생활 속의 환경호르몬(내분비교란 물질)
6745,무릎 관절 주위의 골절
6746,무릎 연골 손상
6747,무릎 인대 손상
5531,임상 화학 검사
6272,배뇨 관련 증상 또는 이상
5351,담배 끊는 방법! 알려드리겠습니다!
6478,귀의 형태 이상(돌출귀)
6271,귀의 형태 이상(소이증)
6479,귀의 형태 이상(기타)
5708,귀의 통증 및 분비물
5504,복부 수술 후 장유착
6585,독성 간 손상
5481,가정 내 아동안전
3433,대변 및 잠혈검사
3434,대변 및 잠혈검사(기생충 검사)
3436,대변 및 잠혈검사(백혈구 검사)
3435,대변 및 잠혈검사(분변 잠혈검사)
5483,동물 및 곤충에 의한 응급상황
5503,장루 및 장루 관리
6322,치통 및 만성 통증
6718,토양 및 수질 오염
6321,치통 및 만성 통증(구강안면부의 만성 통증)
6320,치통 및 만성 통증(치통)
5434,혈변 및 흑변(성인)
3768,코피(비출혈)
5840,평발(편평족)
6253,기침(성인)
6279,약시(소아)
6488,탈장(성인)
5468,탈장(소아)
6256,토혈(성인)
5249,폐렴(성인)
5474,폐렴(소아)
5692,모반(점)
6722,근 손실
5846,눈 충혈
6540,폐 색전증
5439,이 사면발이 감염증
5693,발 백선(무좀)
6677,코로나바이러스감염증-19
5307,A형간염
6672,B형간염
5309,C형간염
2391,갑상선 검사(전산화단층촬영(CT)과 자기공명영상(MRI))
5530,태아 DNA 선별검사 (NIPT 검사)
5837,생활 속의 수은(Hg)
5834,생활 속의 중금속: 납(Pb)
2392,갑상선 검사(양전자방출단층촬영(PET))
5233,중증열성혈소판감소증후군(SFTS)
5515,삼중 또는 사중 표지자 검사(Triple 또는 Quad test)와 통합선별검사 (Integrated test)
2847,"“사무용품에 의한 오존, 휘발성유기화합물(VOCs),  중금속”"